#,"Request ID","[Citizen] Citizen ID","[Citizen] Firstname","[Citizen] Middlename","[Citizen] Lastname","[Citizen] Gender","[Citizen] Birth Date","[Citizen] Birth Place","[Citizen] Weight (kg)","[Citizen] Height (cm)","[Citizen] PWD","[Citizen] Civil Status","[Citizen] Occupation","[Citizen] Cellphone Number","[Citizen] Telephone Number","[Citizen] Street","[Citizen] House Number","[Citizen] Username","[Citizen] Password","[Citizen] Email Address","[Citizen] Father Firstname","[Citizen] Father Middlename","[Citizen] Father Lastname","[Citizen] Father contact number","[Citizen] Father occupation","[Citizen] Mother Firstname","[Citizen] Mother Middlename","[Citizen] Mother Lastname","[Citizen] Mother contact_number","[Citizen] Mother occupation","[Citizen] Is Citizen","[Citizen] Date Registered","[Citizen] Is Official","Date Filed","Date Served"
1,"1","7","john","felix","cena","Male","1975-06-03","boston","57.00","167.00","No","Divorced","wrestler","67,856,756.00","134,567.00","grove street","12","johncena","youcantseeme","","","","","0.00","","maria","haha","cena","123,456.00","cook","Yes","0000-00-00","","2016-08-23","0000-00-00"
2,"2","2","Guest","Who","Am I","Male","2016-07-23","Makati City","90.00","78.00","","Widowed","CEO","2,147,483,647.00","0.00","Sesame Street","97Q","guest","qwerty123","","Light","Rain","Walters","0.00","","Spring","Amarath","Lane","0.00","","Yes","2016-07-23","No","2016-08-24","0000-00-00"
3,"3","2","Guest","Who","Am I","Male","2016-07-23","Makati City","90.00","78.00","","Widowed","CEO","2,147,483,647.00","0.00","Sesame Street","97Q","guest","qwerty123","","Light","Rain","Walters","0.00","","Spring","Amarath","Lane","0.00","","Yes","2016-07-23","No","2016-08-24","0000-00-00"
4,"4","2","Guest","Who","Am I","Male","2016-07-23","Makati City","90.00","78.00","","Widowed","CEO","2,147,483,647.00","0.00","Sesame Street","97Q","guest","qwerty123","","Light","Rain","Walters","0.00","","Spring","Amarath","Lane","0.00","","Yes","2016-07-23","No","2016-08-24","0000-00-00"
5,"5","2","Guest","Who","Am I","Male","2016-07-23","Makati City","90.00","78.00","","Widowed","CEO","2,147,483,647.00","0.00","Sesame Street","97Q","guest","qwerty123","","Light","Rain","Walters","0.00","","Spring","Amarath","Lane","0.00","","Yes","2016-07-23","No","2016-08-24","0000-00-00"
6,"6","2","Guest","Who","Am I","Male","2016-07-23","Makati City","90.00","78.00","","Widowed","CEO","2,147,483,647.00","0.00","Sesame Street","97Q","guest","qwerty123","","Light","Rain","Walters","0.00","","Spring","Amarath","Lane","0.00","","Yes","2016-07-23","No","2016-08-24","0000-00-00"
7,"7","2","Guest","Who","Am I","Male","2016-07-23","Makati City","90.00","78.00","","Widowed","CEO","2,147,483,647.00","0.00","Sesame Street","97Q","guest","qwerty123","","Light","Rain","Walters","0.00","","Spring","Amarath","Lane","0.00","","Yes","2016-07-23","No","2016-08-24","0000-00-00"
8,"8","2","Guest","Who","Am I","Male","2016-07-23","Makati City","90.00","78.00","","Widowed","CEO","2,147,483,647.00","0.00","Sesame Street","97Q","guest","qwerty123","","Light","Rain","Walters","0.00","","Spring","Amarath","Lane","0.00","","Yes","2016-07-23","No","2016-08-24","0000-00-00"
9,"9","2","Guest","Who","Am I","Male","2016-07-23","Makati City","90.00","78.00","","Widowed","CEO","2,147,483,647.00","0.00","Sesame Street","97Q","guest","qwerty123","","Light","Rain","Walters","0.00","","Spring","Amarath","Lane","0.00","","Yes","2016-07-23","No","2016-08-24","0000-00-00"
10,"10","2","Guest","Who","Am I","Male","2016-07-23","Makati City","90.00","78.00","","Widowed","CEO","2,147,483,647.00","0.00","Sesame Street","97Q","guest","qwerty123","","Light","Rain","Walters","0.00","","Spring","Amarath","Lane","0.00","","Yes","2016-07-23","No","2016-08-24","0000-00-00"
10,"","","","","","","","","","869.00","","","","19,395,209,579.00","134,567.00","","","","","","","","","0.00","","","","","123,456.00","","","","","",""
